{
  "mode": "pqc_confidential",
  "message": "Hello from confidentiality demo at 2026-04-16T16:08:16.780440Z",
  "account": "0x3aBeB3b1EAd8EcC5203540db2d79dD1880dc94B1",
  "contract_address": "0x108A23e957cE219553DA5dF177a3DE142ba2e4FA",
  "chain_id": 11155111,
  "record_id": 16,
  "tx_hash": "5c960e869ef5c451ec5d19b6ae6c7297952bc423ca81ec779afa15c8541374ff",
  "gas_used": 311764,
  "status": 1,
  "app_nonce": 1776355696794669731,
  "timestamp": 1776355696,
  "payload_hash": "0x50807c7014007aeeefa4ba6a1b90a763206ec41f5df7f0fc7e4e4d9d71487915",
  "pqc_proof_hash": "0x4c59ecc4008bcddeefcbb4625b4f44961f69df62f15376d3c8c5ca6f1b6da3e8",
  "encrypted": true,
  "confidentiality": {
    "algorithm": "aes-256-gcm",
    "plaintext_size_bytes": 62,
    "encrypted_payload_size_bytes": 94,
    "nonce_size_bytes": 16,
    "tag_size_bytes": 16,
    "encryption_seconds": 0.013872,
    "decrypt_seconds": 0.000237,
    "decrypt_matches_plaintext": true
  },
  "pqc": {
    "algorithm": "ml_dsa_44",
    "public_key_size_bytes": 1312,
    "secret_key_size_bytes": 2560,
    "signature_size_bytes": 2420
  },
  "benchmark": {
    "pqc_keygen_seconds": 0.000129,
    "pqc_sign_seconds": 0.000506,
    "pqc_verify_seconds": 0.000109,
    "tx_build_seconds": 0.068621,
    "ecdsa_sign_seconds": 0.009462,
    "send_and_confirm_seconds": 22.628264,
    "ecdsa_signature_size_bytes": 65,
    "ecdsa_raw_tx_size_bytes": 538
  }
}