{
  "mode": "pqc_hybrid",
  "message": "Hello from PQC demo at 2026-04-16T16:07:54.191085Z",
  "account": "0x3aBeB3b1EAd8EcC5203540db2d79dD1880dc94B1",
  "contract_address": "0x108A23e957cE219553DA5dF177a3DE142ba2e4FA",
  "chain_id": 11155111,
  "record_id": 14,
  "tx_hash": "751cd01a4103c0a1d7195337783634d4374761870266928306c689b05e600da6",
  "gas_used": 268595,
  "status": 1,
  "app_nonce": 1776355674191132290,
  "timestamp": 1776355674,
  "payload_hash": "0xd1f0fea72fe6afb9a80ae84632c560417b749b1d747a65253bd51aefb4451400",
  "pqc_proof_hash": "0x30b76c21da68c02c1aec0e6b85b491346353984693a296fa988dc70245bbeac2",
  "encrypted": false,
  "pqc": {
    "algorithm": "ml_dsa_44",
    "public_key_size_bytes": 1312,
    "secret_key_size_bytes": 2560,
    "signature_size_bytes": 2420
  },
  "benchmark": {
    "pqc_keygen_seconds": 0.000186,
    "pqc_sign_seconds": 0.001207,
    "pqc_verify_seconds": 0.000123,
    "tx_build_seconds": 0.071111,
    "ecdsa_sign_seconds": 0.009972,
    "send_and_confirm_seconds": 9.383834,
    "ecdsa_signature_size_bytes": 65,
    "ecdsa_raw_tx_size_bytes": 506
  }
}